-- =============================================================================
-- ResidenceHub Seed Data
-- =============================================================================
-- Note: profiles are NOT inserted here because they require auth.users entries.
-- Users need to be created via Supabase auth dashboard or the invite flow.
-- =============================================================================

-- Insert a default building
INSERT INTO buildings (id, name, address, total_units, bank_account_info, timezone)
VALUES (
  '00000000-0000-0000-0000-000000000001',
  'Torre Residencial Demo',
  'Av. Winston Churchill #100, Santo Domingo',
  50,
  '{"bank_name": "Banco Popular", "account_number": "123-456789-0", "account_type": "Corriente", "holder_name": "Admin Torre Demo S.R.L."}'::jsonb,
  'America/Santo_Domingo'
);

-- Create sample apartments (10 units)
INSERT INTO apartments (building_id, unit_number, floor, area_sqm, bedrooms, bathrooms, status) VALUES
('00000000-0000-0000-0000-000000000001', '1A', 1, 75.50, 2, 1, 'occupied'),
('00000000-0000-0000-0000-000000000001', '1B', 1, 85.00, 3, 2, 'occupied'),
('00000000-0000-0000-0000-000000000001', '2A', 2, 75.50, 2, 1, 'vacant'),
('00000000-0000-0000-0000-000000000001', '2B', 2, 85.00, 3, 2, 'vacant'),
('00000000-0000-0000-0000-000000000001', '3A', 3, 75.50, 2, 1, 'vacant'),
('00000000-0000-0000-0000-000000000001', '3B', 3, 85.00, 3, 2, 'vacant'),
('00000000-0000-0000-0000-000000000001', '4A', 4, 100.00, 3, 2, 'vacant'),
('00000000-0000-0000-0000-000000000001', '4B', 4, 100.00, 3, 2, 'vacant'),
('00000000-0000-0000-0000-000000000001', 'PH-A', 5, 150.00, 4, 3, 'vacant'),
('00000000-0000-0000-0000-000000000001', 'PH-B', 5, 150.00, 4, 3, 'vacant');

-- Create sample public spaces
INSERT INTO public_spaces (id, building_id, name, description, capacity, hourly_rate, deposit_amount, min_advance_hours, max_advance_days, max_duration_hours, max_monthly_per_owner, gap_minutes, cancellation_hours) VALUES
('00000000-0000-0000-0000-000000000010', '00000000-0000-0000-0000-000000000001', 'Salon de Eventos', 'Spacious event hall with full kitchen and sound system', 80, 2500.00, 5000.00, 48, 60, 12, 2, 120, 48),
('00000000-0000-0000-0000-000000000011', '00000000-0000-0000-0000-000000000001', 'Terraza BBQ', 'Rooftop terrace with BBQ grills and lounge area', 30, 1500.00, 3000.00, 24, 30, 8, 4, 60, 24),
('00000000-0000-0000-0000-000000000012', '00000000-0000-0000-0000-000000000001', 'Sala de Reuniones', 'Meeting room with projector and whiteboard', 12, 500.00, 0, 4, 14, 4, 8, 30, 12),
('00000000-0000-0000-0000-000000000013', '00000000-0000-0000-0000-000000000001', 'Gimnasio', 'Fully equipped gym with cardio and weights area', 20, 0, 0, 1, 7, 2, 14, 15, 2);

-- =============================================================================
-- Availability Schedules
-- =============================================================================

-- Salon de Eventos (Mon-Fri 8am-10pm, Sat-Sun 9am-8pm)
INSERT INTO availability_schedules (space_id, day_of_week, start_time, end_time) VALUES
('00000000-0000-0000-0000-000000000010', 1, '08:00', '22:00'),
('00000000-0000-0000-0000-000000000010', 2, '08:00', '22:00'),
('00000000-0000-0000-0000-000000000010', 3, '08:00', '22:00'),
('00000000-0000-0000-0000-000000000010', 4, '08:00', '22:00'),
('00000000-0000-0000-0000-000000000010', 5, '08:00', '22:00'),
('00000000-0000-0000-0000-000000000010', 6, '09:00', '20:00'),
('00000000-0000-0000-0000-000000000010', 0, '09:00', '20:00');

-- Terraza BBQ (Mon-Fri 10am-10pm, Sat-Sun 10am-8pm)
INSERT INTO availability_schedules (space_id, day_of_week, start_time, end_time) VALUES
('00000000-0000-0000-0000-000000000011', 1, '10:00', '22:00'),
('00000000-0000-0000-0000-000000000011', 2, '10:00', '22:00'),
('00000000-0000-0000-0000-000000000011', 3, '10:00', '22:00'),
('00000000-0000-0000-0000-000000000011', 4, '10:00', '22:00'),
('00000000-0000-0000-0000-000000000011', 5, '10:00', '22:00'),
('00000000-0000-0000-0000-000000000011', 6, '10:00', '20:00'),
('00000000-0000-0000-0000-000000000011', 0, '10:00', '20:00');

-- Sala de Reuniones (Mon-Fri only, 8am-6pm)
INSERT INTO availability_schedules (space_id, day_of_week, start_time, end_time) VALUES
('00000000-0000-0000-0000-000000000012', 1, '08:00', '18:00'),
('00000000-0000-0000-0000-000000000012', 2, '08:00', '18:00'),
('00000000-0000-0000-0000-000000000012', 3, '08:00', '18:00'),
('00000000-0000-0000-0000-000000000012', 4, '08:00', '18:00'),
('00000000-0000-0000-0000-000000000012', 5, '08:00', '18:00');

-- Gimnasio (every day, 6am-10pm)
INSERT INTO availability_schedules (space_id, day_of_week, start_time, end_time) VALUES
('00000000-0000-0000-0000-000000000013', 0, '06:00', '22:00'),
('00000000-0000-0000-0000-000000000013', 1, '06:00', '22:00'),
('00000000-0000-0000-0000-000000000013', 2, '06:00', '22:00'),
('00000000-0000-0000-0000-000000000013', 3, '06:00', '22:00'),
('00000000-0000-0000-0000-000000000013', 4, '06:00', '22:00'),
('00000000-0000-0000-0000-000000000013', 5, '06:00', '22:00'),
('00000000-0000-0000-0000-000000000013', 6, '06:00', '22:00');
